timeStamp,elapsed,label,responseCode,responseMessage,threadName,dataType,success,failureMessage,bytes,sentBytes,grpThreads,allThreads,Latency,IdleTime,Connect
1528345961592,3621,78 /index.php,200,OK,Thread Group 1-1,text,TRUE,,18733,361,3,3,1661,0,867
1528345966209,2884,78 /index.php,200,OK,Thread Group 1-2,text,TRUE,,18733,361,3,3,929,0,158
1528345991603,2892,78 /index.php,200,OK,Thread Group 1-7,text,TRUE,,18733,361,9,9,936,0,167
1528345996618,2917,78 /index.php,200,OK,Thread Group 1-8,text,TRUE,,18733,361,10,10,959,0,193
1528346001530,2872,78 /index.php,200,OK,Thread Group 1-9,text,TRUE,,18733,361,10,10,915,0,148
1528346004239,2901,78 /index.php,200,OK,Thread Group 1-4,text,TRUE,,18733,361,10,10,945,0,178
1528346005489,2870,78 /index.php,200,OK,Thread Group 1-5,text,TRUE,,18733,361,10,10,915,0,147
1528346006547,2913,78 /index.php,200,OK,Thread Group 1-10,text,TRUE,,18733,361,10,10,957,0,191
1528346007483,2870,78 /index.php,200,OK,Thread Group 1-6,text,TRUE,,18733,361,10,10,915,0,147
1528346012839,2935,78 /index.php,200,OK,Thread Group 1-3,text,TRUE,,18733,361,10,10,981,0,212
1528346030627,398,90 /themes/SuiteR/css/colourSelector.php,200,OK,Thread Group 1-1,text,TRUE,,213,490,10,10,398,0,0
1528346034509,398,90 /themes/SuiteR/css/colourSelector.php,200,OK,Thread Group 1-2,text,TRUE,,213,490,10,10,398,0,0
1528346059804,399,90 /themes/SuiteR/css/colourSelector.php,200,OK,Thread Group 1-7,text,TRUE,,213,490,10,10,399,0,0
1528346064831,398,90 /themes/SuiteR/css/colourSelector.php,200,OK,Thread Group 1-8,text,TRUE,,213,490,10,10,398,0,0
1528346069691,398,90 /themes/SuiteR/css/colourSelector.php,200,OK,Thread Group 1-9,text,TRUE,,213,490,10,10,398,0,0
1528346072381,398,90 /themes/SuiteR/css/colourSelector.php,200,OK,Thread Group 1-4,text,TRUE,,213,490,10,10,398,0,0
1528346073718,397,90 /themes/SuiteR/css/colourSelector.php,200,OK,Thread Group 1-5,text,TRUE,,213,490,10,10,397,0,0
1528346074779,398,90 /themes/SuiteR/css/colourSelector.php,200,OK,Thread Group 1-10,text,TRUE,,213,490,10,10,398,0,0
1528346075630,398,90 /themes/SuiteR/css/colourSelector.php,200,OK,Thread Group 1-6,text,TRUE,,213,490,10,10,398,0,0
1528346077237,610,99 /themes/SuiteR/css/colourSelector.php,200,OK,Thread Group 1-1,text,TRUE,,214,511,10,10,610,0,211
1528346078244,399,102 /index.php,200,OK,Thread Group 1-1,bin,TRUE,,415,513,10,10,398,0,0
1528346081062,399,90 /themes/SuiteR/css/colourSelector.php,200,OK,Thread Group 1-3,text,TRUE,,213,490,10,10,398,0,0
1528346081188,581,99 /themes/SuiteR/css/colourSelector.php,200,OK,Thread Group 1-2,text,TRUE,,214,511,10,10,581,0,182
1528346082169,399,102 /index.php,200,OK,Thread Group 1-2,bin,TRUE,,415,513,10,10,399,0,0
1528346082942,9017,105 /index.php,200,OK,Thread Group 1-1,text,TRUE,,161036,1326,10,10,658,0,148
1528346087034,9009,105 /index.php,200,OK,Thread Group 1-2,text,TRUE,,161036,1326,10,10,652,0,141
1528346091965,8536,106 /index.php,200,OK,Thread Group 1-1,text,TRUE,,158294,579,10,10,952,0,174
1528346102303,400,109 /themes/SuiteR/css/colourSelector.php,200,OK,Thread Group 1-1,text,TRUE,,213,565,10,10,400,0,0
1528346096047,8531,106 /index.php,200,OK,Thread Group 1-2,text,TRUE,,158294,579,10,10,946,0,169
1528346106326,401,109 /themes/SuiteR/css/colourSelector.php,200,OK,Thread Group 1-2,text,TRUE,,213,565,10,10,401,0,0
1528346106451,539,99 /themes/SuiteR/css/colourSelector.php,200,OK,Thread Group 1-7,text,TRUE,,214,511,10,10,539,0,141
1528346107389,398,102 /index.php,200,OK,Thread Group 1-7,bin,TRUE,,415,513,10,10,398,0,0
1528346111537,627,99 /themes/SuiteR/css/colourSelector.php,200,OK,Thread Group 1-8,text,TRUE,,214,511,10,10,627,0,229
1528346112562,398,102 /index.php,200,OK,Thread Group 1-8,bin,TRUE,,415,513,10,10,398,0,0
1528346116328,588,99 /themes/SuiteR/css/colourSelector.php,200,OK,Thread Group 1-9,text,TRUE,,214,511,10,10,588,0,189
1528346117316,398,102 /index.php,200,OK,Thread Group 1-9,bin,TRUE,,415,513,10,10,398,0,0
1528346119059,543,99 /themes/SuiteR/css/colourSelector.php,200,OK,Thread Group 1-4,text,TRUE,,214,511,10,10,543,0,145
1528346119997,399,102 /index.php,200,OK,Thread Group 1-4,bin,TRUE,,415,513,10,10,399,0,0
1528346120328,536,99 /themes/SuiteR/css/colourSelector.php,200,OK,Thread Group 1-5,text,TRUE,,214,511,10,10,536,0,139
1528346112096,9076,105 /index.php,200,OK,Thread Group 1-7,text,TRUE,,161036,1326,10,10,715,0,205
1528346121260,399,102 /index.php,200,OK,Thread Group 1-5,bin,TRUE,,415,513,10,10,399,0,0
1528346121384,552,99 /themes/SuiteR/css/colourSelector.php,200,OK,Thread Group 1-10,text,TRUE,,214,511,10,10,552,0,154
1528346122335,399,102 /index.php,200,OK,Thread Group 1-10,bin,TRUE,,415,513,10,10,399,0,0
1528346122275,831,99 /themes/SuiteR/css/colourSelector.php,200,OK,Thread Group 1-6,text,TRUE,,214,511,10,10,831,0,433
1528346123503,397,102 /index.php,200,OK,Thread Group 1-6,bin,TRUE,,415,513,10,10,397,0,0
1528346117301,9025,105 /index.php,200,OK,Thread Group 1-8,text,TRUE,,161036,1326,10,10,667,0,157
1528346127989,574,99 /themes/SuiteR/css/colourSelector.php,200,OK,Thread Group 1-3,text,TRUE,,214,511,10,10,574,0,176
1528346128961,398,102 /index.php,200,OK,Thread Group 1-3,bin,TRUE,,415,513,10,10,398,0,0
1528346121175,8521,106 /index.php,200,OK,Thread Group 1-7,text,TRUE,,158294,579,10,10,937,0,161
1528346122014,9018,105 /index.php,200,OK,Thread Group 1-9,text,TRUE,,161036,1326,10,10,658,0,148
1528346131450,400,109 /themes/SuiteR/css/colourSelector.php,200,OK,Thread Group 1-7,text,TRUE,,213,565,10,10,400,0,0
1528346124774,9009,105 /index.php,200,OK,Thread Group 1-4,text,TRUE,,161036,1326,10,10,650,0,140
1528346126329,8556,106 /index.php,200,OK,Thread Group 1-8,text,TRUE,,158294,579,10,10,975,0,197
1528346125972,9012,105 /index.php,200,OK,Thread Group 1-5,text,TRUE,,161036,1326,10,10,654,0,144
1528346127097,9007,105 /index.php,200,OK,Thread Group 1-10,text,TRUE,,161036,1326,10,10,648,0,139
1528346136674,400,109 /themes/SuiteR/css/colourSelector.php,200,OK,Thread Group 1-8,text,TRUE,,213,565,10,10,400,0,0
1528346128208,9014,105 /index.php,200,OK,Thread Group 1-6,text,TRUE,,161036,1326,10,10,655,0,144
1528346131035,8505,106 /index.php,200,OK,Thread Group 1-9,text,TRUE,,158294,579,10,10,924,0,146
1528346141322,400,109 /themes/SuiteR/css/colourSelector.php,200,OK,Thread Group 1-9,text,TRUE,,213,565,10,10,400,0,0
1528346133788,8554,106 /index.php,200,OK,Thread Group 1-4,text,TRUE,,158294,579,10,10,969,0,193
1528346133697,9033,105 /index.php,200,OK,Thread Group 1-3,text,TRUE,,161036,1326,10,10,676,0,164
1528346134988,8540,106 /index.php,200,OK,Thread Group 1-5,text,TRUE,,158294,579,10,10,958,0,181
1528346144084,400,109 /themes/SuiteR/css/colourSelector.php,200,OK,Thread Group 1-4,text,TRUE,,213,565,10,10,400,0,0
1528346136108,8506,106 /index.php,200,OK,Thread Group 1-10,text,TRUE,,158294,579,10,10,923,0,146
1528346145271,400,109 /themes/SuiteR/css/colourSelector.php,200,OK,Thread Group 1-5,text,TRUE,,213,565,10,10,400,0,0
1528346137228,8499,106 /index.php,200,OK,Thread Group 1-6,text,TRUE,,158294,579,10,10,916,0,136
1528346146377,400,109 /themes/SuiteR/css/colourSelector.php,200,OK,Thread Group 1-10,text,TRUE,,213,565,10,10,400,0,0
1528346147475,400,109 /themes/SuiteR/css/colourSelector.php,200,OK,Thread Group 1-6,text,TRUE,,213,565,10,10,400,0,0
1528346142735,8505,106 /index.php,200,OK,Thread Group 1-3,text,TRUE,,158294,579,10,10,921,0,145
1528346153009,401,109 /themes/SuiteR/css/colourSelector.php,200,OK,Thread Group 1-3,text,TRUE,,213,565,10,10,401,0,0
1528346161999,400,128 /themes/SuiteR/css/colourSelector.php,200,OK,Thread Group 1-1,text,TRUE,,213,565,10,10,400,0,0
1528346165942,400,128 /themes/SuiteR/css/colourSelector.php,200,OK,Thread Group 1-2,text,TRUE,,213,565,10,10,400,0,0
1528346173300,398,138 /index.php,200,OK,Thread Group 1-1,bin,TRUE,,594,508,10,10,398,0,0
1528346176833,598,142 /index.php,200,OK,Thread Group 1-1,text,TRUE,,772,572,10,10,598,0,197
1528346177251,399,138 /index.php,200,OK,Thread Group 1-2,bin,TRUE,,594,508,10,10,399,0,0
1528346181156,401,148 /index.php,200,OK,Thread Group 1-1,bin,TRUE,,1435,588,10,10,401,0,0
1528346180824,869,142 /index.php,200,OK,Thread Group 1-2,text,TRUE,,772,572,10,10,869,0,468
1528346181558,401,149 /vcal_server.php,200,OK,Thread Group 1-1,text,TRUE,,640,586,10,10,401,0,0
1528346181963,398,152 /index.php,200,OK,Thread Group 1-1,bin,TRUE,,593,528,10,10,398,0,0
1528346182361,769,151 /index.php,200,OK,Thread Group 1-1,bin,TRUE,,701,520,10,10,769,0,371
1528346185412,401,148 /index.php,200,OK,Thread Group 1-2,bin,TRUE,,1435,588,10,10,401,0,0
1528346185814,401,149 /vcal_server.php,200,OK,Thread Group 1-2,text,TRUE,,640,586,10,10,401,0,0
1528346186216,398,152 /index.php,200,OK,Thread Group 1-2,bin,TRUE,,593,528,10,10,398,0,0
1528346186615,590,151 /index.php,200,OK,Thread Group 1-2,bin,TRUE,,701,520,10,10,590,0,191
1528346191307,401,128 /themes/SuiteR/css/colourSelector.php,200,OK,Thread Group 1-7,text,TRUE,,213,565,10,10,401,0,0
1528346196633,401,128 /themes/SuiteR/css/colourSelector.php,200,OK,Thread Group 1-8,text,TRUE,,213,565,10,10,401,0,0
1528346201036,399,128 /themes/SuiteR/css/colourSelector.php,200,OK,Thread Group 1-9,text,TRUE,,213,565,10,10,399,0,0
1528346202651,399,138 /index.php,200,OK,Thread Group 1-7,bin,TRUE,,594,508,10,10,399,0,0
1528346203870,401,128 /themes/SuiteR/css/colourSelector.php,200,OK,Thread Group 1-4,text,TRUE,,213,565,10,10,401,0,0
1528346185859,18604,153 /index.php,200,OK,Thread Group 1-1,text,TRUE,,370413,627,10,10,1309,0,530
1528346205108,400,128 /themes/SuiteR/css/colourSelector.php,200,OK,Thread Group 1-5,text,TRUE,,213,565,10,10,400,0,0
1528346206241,401,128 /themes/SuiteR/css/colourSelector.php,200,OK,Thread Group 1-10,text,TRUE,,213,565,10,10,401,0,0
1528346206226,614,142 /index.php,200,OK,Thread Group 1-7,text,TRUE,,772,572,10,10,614,0,213
1528346207197,400,128 /themes/SuiteR/css/colourSelector.php,200,OK,Thread Group 1-6,text,TRUE,,213,565,10,10,400,0,0
1528346189843,18216,153 /index.php,200,OK,Thread Group 1-2,text,TRUE,,370413,627,10,10,925,0,146
1528346207927,399,138 /index.php,200,OK,Thread Group 1-8,bin,TRUE,,594,508,10,10,398,0,0
1528346208395,404,155 /themes/SuiteR/css/colourSelector.php,200,OK,Thread Group 1-1,text,TRUE,,213,614,10,10,404,0,0
1528346210522,401,148 /index.php,200,OK,Thread Group 1-7,bin,TRUE,,1435,588,10,10,401,0,0
1528346210924,402,149 /vcal_server.php,200,OK,Thread Group 1-7,text,TRUE,,640,586,10,10,402,0,0
1528346211326,399,152 /index.php,200,OK,Thread Group 1-7,bin,TRUE,,593,528,10,10,399,0,0
1528346211477,556,142 /index.php,200,OK,Thread Group 1-8,text,TRUE,,772,572,10,10,556,0,156
1528346211726,570,151 /index.php,200,OK,Thread Group 1-7,bin,TRUE,,701,520,10,10,570,0,173
1528346211996,402,155 /themes/SuiteR/css/colourSelector.php,200,OK,Thread Group 1-2,text,TRUE,,213,614,10,10,402,0,0
1528346212325,398,138 /index.php,200,OK,Thread Group 1-9,bin,TRUE,,594,508,10,10,398,0,0
1528346213030,400,128 /themes/SuiteR/css/colourSelector.php,200,OK,Thread Group 1-3,text,TRUE,,213,565,10,10,400,0,0
1528346215168,398,138 /index.php,200,OK,Thread Group 1-4,bin,TRUE,,594,508,10,10,398,0,0
1528346215720,402,148 /index.php,200,OK,Thread Group 1-8,bin,TRUE,,1435,588,10,10,402,0,0
1528346215841,574,142 /index.php,200,OK,Thread Group 1-9,text,TRUE,,772,572,10,10,574,0,173
1528346216123,401,149 /vcal_server.php,200,OK,Thread Group 1-8,text,TRUE,,640,586,10,10,401,0,0
1528346216402,399,138 /index.php,200,OK,Thread Group 1-5,bin,TRUE,,594,508,10,10,398,0,0
1528346216524,400,152 /index.php,200,OK,Thread Group 1-8,bin,TRUE,,593,528,10,10,400,0,0
1528346216924,537,151 /index.php,200,OK,Thread Group 1-8,bin,TRUE,,701,520,10,10,537,0,138
1528346217552,398,138 /index.php,200,OK,Thread Group 1-10,bin,TRUE,,594,508,10,10,398,0,0
1528346218656,398,138 /index.php,200,OK,Thread Group 1-6,bin,TRUE,,594,508,10,10,398,0,0
1528346218730,583,142 /index.php,200,OK,Thread Group 1-4,text,TRUE,,772,572,10,10,583,0,182
1528346220092,402,148 /index.php,200,OK,Thread Group 1-9,bin,TRUE,,1435,588,10,10,401,0,0
1528346219929,568,142 /index.php,200,OK,Thread Group 1-5,text,TRUE,,772,572,10,10,568,0,166
1528346220494,401,149 /vcal_server.php,200,OK,Thread Group 1-9,text,TRUE,,640,586,10,10,401,0,0
1528346220895,400,152 /index.php,200,OK,Thread Group 1-9,bin,TRUE,,593,528,10,10,400,0,0
1528346221120,539,142 /index.php,200,OK,Thread Group 1-10,text,TRUE,,772,572,10,10,539,0,137
1528346221296,542,151 /index.php,200,OK,Thread Group 1-9,bin,TRUE,,701,520,10,10,542,0,144
1528346222173,550,142 /index.php,200,OK,Thread Group 1-6,text,TRUE,,772,572,10,10,550,0,149
1528346222993,402,148 /index.php,200,OK,Thread Group 1-4,bin,TRUE,,1435,588,10,10,402,0,0
1528346223396,400,149 /vcal_server.php,200,OK,Thread Group 1-4,text,TRUE,,640,586,10,10,400,0,0
1528346223797,399,152 /index.php,200,OK,Thread Group 1-4,bin,TRUE,,593,528,10,10,399,0,0
1528346224187,403,148 /index.php,200,OK,Thread Group 1-5,bin,TRUE,,1435,588,10,10,403,0,0
1528346224320,399,138 /index.php,200,OK,Thread Group 1-3,bin,TRUE,,594,508,10,10,399,0,0
1528346224196,555,151 /index.php,200,OK,Thread Group 1-4,bin,TRUE,,701,520,10,10,555,0,157
1528346224590,401,149 /vcal_server.php,200,OK,Thread Group 1-5,text,TRUE,,640,586,10,10,401,0,0
1528346224992,400,152 /index.php,200,OK,Thread Group 1-5,bin,TRUE,,593,528,10,10,400,0,0
1528346225432,401,148 /index.php,200,OK,Thread Group 1-10,bin,TRUE,,1435,588,10,10,401,0,0
1528346225392,547,151 /index.php,200,OK,Thread Group 1-5,bin,TRUE,,701,520,10,10,547,0,150
1528346225834,401,149 /vcal_server.php,200,OK,Thread Group 1-10,text,TRUE,,640,586,10,10,401,0,0
1528346226236,399,152 /index.php,200,OK,Thread Group 1-10,bin,TRUE,,593,528,10,10,399,0,0
1528346226445,401,148 /index.php,200,OK,Thread Group 1-6,bin,TRUE,,1435,588,10,10,401,0,0
1528346226635,551,151 /index.php,200,OK,Thread Group 1-10,bin,TRUE,,701,520,10,10,551,0,153
1528346226846,402,149 /vcal_server.php,200,OK,Thread Group 1-6,text,TRUE,,640,586,10,10,402,0,0
1528346227248,399,152 /index.php,200,OK,Thread Group 1-6,bin,TRUE,,593,528,10,10,399,0,0
1528346227648,547,151 /index.php,200,OK,Thread Group 1-6,bin,TRUE,,701,520,10,10,547,0,149
1528346227836,593,142 /index.php,200,OK,Thread Group 1-3,text,TRUE,,772,572,10,10,593,0,193
1528346232142,402,148 /index.php,200,OK,Thread Group 1-3,bin,TRUE,,1435,588,10,10,402,0,0
1528346232545,402,149 /vcal_server.php,200,OK,Thread Group 1-3,text,TRUE,,640,586,10,10,402,0,0
1528346214938,18216,153 /index.php,200,OK,Thread Group 1-7,text,TRUE,,370413,627,10,10,926,0,147
1528346232947,400,152 /index.php,200,OK,Thread Group 1-3,bin,TRUE,,593,528,10,10,400,0,0
1528346233347,666,151 /index.php,200,OK,Thread Group 1-3,bin,TRUE,,701,520,10,10,666,0,267
1528346237345,404,155 /themes/SuiteR/css/colourSelector.php,200,OK,Thread Group 1-7,text,TRUE,,213,614,10,10,404,0,0
1528346220107,18212,153 /index.php,200,OK,Thread Group 1-8,text,TRUE,,370413,627,10,10,923,0,144
1528346239052,540,169 /getCategoryProducts.php,200,OK,Thread Group 1-1,text,TRUE,,1103,555,10,10,540,0,140
1528346239593,400,170 /getCategoryServices.php,200,OK,Thread Group 1-1,text,TRUE,,449,555,10,10,400,0,0
1528346241994,549,171 /MasterData/getHAServicePincodelist.php,200,OK,Thread Group 1-1,text,TRUE,,220,614,10,10,549,0,146
1528346242234,404,155 /themes/SuiteR/css/colourSelector.php,200,OK,Thread Group 1-8,text,TRUE,,213,614,10,10,404,0,0
1528346224386,18315,153 /index.php,200,OK,Thread Group 1-9,text,TRUE,,370413,627,10,10,1027,0,247
1528346242544,401,172 /MasterData/pinCodeMasterData.php,200,OK,Thread Group 1-1,text,TRUE,,250,584,10,10,401,0,0
1528346242713,575,169 /getCategoryProducts.php,200,OK,Thread Group 1-2,text,TRUE,,1103,555,10,10,575,0,175
1528346243288,401,170 /getCategoryServices.php,200,OK,Thread Group 1-2,text,TRUE,,449,555,10,10,401,0,0
1528346227264,18208,153 /index.php,200,OK,Thread Group 1-4,text,TRUE,,370413,627,10,10,916,0,138
1528346245689,572,171 /MasterData/getHAServicePincodelist.php,200,OK,Thread Group 1-2,text,TRUE,,220,614,10,10,572,0,170
1528346246261,402,172 /MasterData/pinCodeMasterData.php,200,OK,Thread Group 1-2,text,TRUE,,250,584,10,10,402,0,0
1528346228454,18274,153 /index.php,200,OK,Thread Group 1-5,text,TRUE,,370413,627,10,10,983,0,205
1528346246687,404,155 /themes/SuiteR/css/colourSelector.php,200,OK,Thread Group 1-9,text,TRUE,,213,614,10,10,404,0,0
1528346229829,18207,153 /index.php,200,OK,Thread Group 1-10,text,TRUE,,370413,627,10,10,915,0,135
1528346242946,6026,173 /getPromoPlans.php,200,OK,Thread Group 1-1,text,TRUE,,98961,635,10,10,779,0,0
1528346230841,18210,153 /index.php,200,OK,Thread Group 1-6,text,TRUE,,370413,627,10,10,916,0,138
1528346248972,558,174 /promotions.php,200,OK,Thread Group 1-1,text,TRUE,,348,576,10,10,558,0,158
1528346249404,403,155 /themes/SuiteR/css/colourSelector.php,200,OK,Thread Group 1-4,text,TRUE,,213,614,10,10,403,0,0
1528346250709,403,155 /themes/SuiteR/css/colourSelector.php,200,OK,Thread Group 1-5,text,TRUE,,213,614,10,10,403,0,0
1528346251531,566,175 /getPromoPlans.php,200,OK,Thread Group 1-1,text,TRUE,,1927,635,10,10,566,0,163
1528346251946,402,155 /themes/SuiteR/css/colourSelector.php,200,OK,Thread Group 1-10,text,TRUE,,213,614,10,10,402,0,0
1528346252098,402,176 /promotions.php,200,OK,Thread Group 1-1,text,TRUE,,347,578,10,10,402,0,0
1528346246664,6026,173 /getPromoPlans.php,200,OK,Thread Group 1-2,text,TRUE,,98961,635,10,10,779,0,0
1528346252690,596,174 /promotions.php,200,OK,Thread Group 1-2,text,TRUE,,348,576,10,10,596,0,195
1528346252957,404,155 /themes/SuiteR/css/colourSelector.php,200,OK,Thread Group 1-6,text,TRUE,,213,614,10,10,404,0,0
1528346236664,18209,153 /index.php,200,OK,Thread Group 1-3,text,TRUE,,370413,627,10,10,918,0,139
1528346255287,548,175 /getPromoPlans.php,200,OK,Thread Group 1-2,text,TRUE,,1927,635,10,10,548,0,145
1528346255836,400,176 /promotions.php,200,OK,Thread Group 1-2,text,TRUE,,347,578,10,10,400,0,0
1528346258834,404,155 /themes/SuiteR/css/colourSelector.php,200,OK,Thread Group 1-3,text,TRUE,,213,614,10,10,404,0,0
1528346257253,8915,178 /index.php,200,OK,Thread Group 1-1,text,TRUE,,159065,1111,10,10,551,0,152
1528346268038,705,169 /getCategoryProducts.php,200,OK,Thread Group 1-7,text,TRUE,,1103,555,10,10,705,0,305
1528346268744,401,170 /getCategoryServices.php,200,OK,Thread Group 1-7,text,TRUE,,449,555,10,10,401,0,0
1528346260953,8932,178 /index.php,200,OK,Thread Group 1-2,text,TRUE,,159065,1111,10,10,569,0,170
1528346271147,565,171 /MasterData/getHAServicePincodelist.php,200,OK,Thread Group 1-7,text,TRUE,,220,614,10,10,565,0,162
1528346271714,402,172 /MasterData/pinCodeMasterData.php,200,OK,Thread Group 1-7,text,TRUE,,250,584,10,10,402,0,0
1528346272973,555,169 /getCategoryProducts.php,200,OK,Thread Group 1-8,text,TRUE,,1103,555,10,10,555,0,154
1528346273529,402,170 /getCategoryServices.php,200,OK,Thread Group 1-8,text,TRUE,,449,555,10,10,402,0,0
1528346275932,562,171 /MasterData/getHAServicePincodelist.php,200,OK,Thread Group 1-8,text,TRUE,,220,614,10,10,562,0,159
1528346276494,400,172 /MasterData/pinCodeMasterData.php,200,OK,Thread Group 1-8,text,TRUE,,250,584,10,10,400,0,0
1528346272117,6030,173 /getPromoPlans.php,200,OK,Thread Group 1-7,text,TRUE,,98961,635,10,10,782,0,0
1528346277368,942,169 /getCategoryProducts.php,200,OK,Thread Group 1-9,text,TRUE,,1103,555,10,10,942,0,542
1528346278311,400,170 /getCategoryServices.php,200,OK,Thread Group 1-9,text,TRUE,,449,555,10,10,400,0,0
1528346278148,759,174 /promotions.php,200,OK,Thread Group 1-7,text,TRUE,,348,576,10,10,759,0,358
1528346280135,552,169 /getCategoryProducts.php,200,OK,Thread Group 1-4,text,TRUE,,1103,555,10,10,552,0,153
1528346280687,401,170 /getCategoryServices.php,200,OK,Thread Group 1-4,text,TRUE,,449,555,10,10,401,0,0
1528346280712,536,171 /MasterData/getHAServicePincodelist.php,200,OK,Thread Group 1-9,text,TRUE,,220,614,10,10,536,0,133
1528346280907,554,175 /getPromoPlans.php,200,OK,Thread Group 1-7,text,TRUE,,1927,635,10,10,554,0,150
1528346281248,400,172 /MasterData/pinCodeMasterData.php,200,OK,Thread Group 1-9,text,TRUE,,250,584,10,10,400,0,0
1528346281462,401,176 /promotions.php,200,OK,Thread Group 1-7,text,TRUE,,347,578,10,10,401,0,0
1528346281539,599,169 /getCategoryProducts.php,200,OK,Thread Group 1-5,text,TRUE,,1103,555,10,10,598,0,199
1528346282138,399,170 /getCategoryServices.php,200,OK,Thread Group 1-5,text,TRUE,,449,555,10,10,399,0,0
1528346276895,6033,173 /getPromoPlans.php,200,OK,Thread Group 1-8,text,TRUE,,98961,635,10,10,779,0,0
1528346282902,563,169 /getCategoryProducts.php,200,OK,Thread Group 1-10,text,TRUE,,1103,555,10,10,563,0,163
1528346282929,592,174 /promotions.php,200,OK,Thread Group 1-8,text,TRUE,,348,576,10,10,592,0,191
1528346283089,645,171 /MasterData/getHAServicePincodelist.php,200,OK,Thread Group 1-4,text,TRUE,,220,614,10,10,645,0,242
1528346283465,400,170 /getCategoryServices.php,200,OK,Thread Group 1-10,text,TRUE,,449,555,10,10,400,0,0
1528346283735,402,172 /MasterData/pinCodeMasterData.php,200,OK,Thread Group 1-4,text,TRUE,,250,584,10,10,402,0,0
1528346283643,583,169 /getCategoryProducts.php,200,OK,Thread Group 1-6,text,TRUE,,1103,555,10,10,583,0,183
1528346284227,402,170 /getCategoryServices.php,200,OK,Thread Group 1-6,text,TRUE,,449,555,10,10,402,0,0
1528346284538,603,171 /MasterData/getHAServicePincodelist.php,200,OK,Thread Group 1-5,text,TRUE,,220,614,10,10,603,0,200
1528346285142,402,172 /MasterData/pinCodeMasterData.php,200,OK,Thread Group 1-5,text,TRUE,,250,584,10,10,402,0,0
1528346285522,560,175 /getPromoPlans.php,200,OK,Thread Group 1-8,text,TRUE,,1927,635,10,10,560,0,156
1528346285865,562,171 /MasterData/getHAServicePincodelist.php,200,OK,Thread Group 1-10,text,TRUE,,220,614,10,10,562,0,159
1528346286083,402,176 /promotions.php,200,OK,Thread Group 1-8,text,TRUE,,347,578,10,10,402,0,0
1528346286427,401,172 /MasterData/pinCodeMasterData.php,200,OK,Thread Group 1-10,text,TRUE,,250,584,10,10,401,0,0
1528346286630,658,171 /MasterData/getHAServicePincodelist.php,200,OK,Thread Group 1-6,text,TRUE,,220,614,10,10,658,0,255
1528346287288,401,172 /MasterData/pinCodeMasterData.php,200,OK,Thread Group 1-6,text,TRUE,,250,584,10,10,401,0,0
1528346281649,6043,173 /getPromoPlans.php,200,OK,Thread Group 1-9,text,TRUE,,98961,635,10,10,780,0,0
1528346287693,617,174 /promotions.php,200,OK,Thread Group 1-9,text,TRUE,,348,576,10,10,617,0,146
1528346284138,6033,173 /getPromoPlans.php,200,OK,Thread Group 1-4,text,TRUE,,98961,635,10,10,784,0,0
1528346289639,575,169 /getCategoryProducts.php,200,OK,Thread Group 1-3,text,TRUE,,1103,555,10,10,575,0,175
1528346290214,399,170 /getCategoryServices.php,200,OK,Thread Group 1-3,text,TRUE,,449,555,10,10,399,0,0
1528346290171,643,174 /promotions.php,200,OK,Thread Group 1-4,text,TRUE,,348,576,10,10,643,0,242
1528346290311,631,175 /getPromoPlans.php,200,OK,Thread Group 1-9,text,TRUE,,1927,635,10,10,631,0,227
1528346290942,401,176 /promotions.php,200,OK,Thread Group 1-9,text,TRUE,,347,578,10,10,401,0,0
1528346285545,6030,173 /getPromoPlans.php,200,OK,Thread Group 1-5,text,TRUE,,98961,635,10,10,782,0,0
1528346291576,621,174 /promotions.php,200,OK,Thread Group 1-5,text,TRUE,,348,576,10,10,621,0,220
1528346286828,6031,173 /getPromoPlans.php,200,OK,Thread Group 1-10,text,TRUE,,98961,635,10,10,780,0,0
1528346292615,642,171 /MasterData/getHAServicePincodelist.php,200,OK,Thread Group 1-3,text,TRUE,,220,614,10,10,642,0,239
1528346292815,694,175 /getPromoPlans.php,200,OK,Thread Group 1-4,text,TRUE,,1927,635,10,10,694,0,290
1528346292861,760,174 /promotions.php,200,OK,Thread Group 1-10,text,TRUE,,348,576,10,10,760,0,340
1528346293257,402,172 /MasterData/pinCodeMasterData.php,200,OK,Thread Group 1-3,text,TRUE,,250,584,10,10,402,0,0
1528346287690,6025,173 /getPromoPlans.php,200,OK,Thread Group 1-6,text,TRUE,,98961,635,10,10,780,0,0
1528346293510,401,176 /promotions.php,200,OK,Thread Group 1-4,text,TRUE,,347,578,10,10,401,0,0
1528346293716,582,174 /promotions.php,200,OK,Thread Group 1-6,text,TRUE,,348,576,10,10,582,0,181
1528346294199,577,175 /getPromoPlans.php,200,OK,Thread Group 1-5,text,TRUE,,1927,635,10,10,577,0,174
1528346294776,401,176 /promotions.php,200,OK,Thread Group 1-5,text,TRUE,,347,578,10,10,401,0,0
1528346286602,8987,178 /index.php,200,OK,Thread Group 1-7,text,TRUE,,159065,1111,10,10,619,0,219
1528346295622,580,175 /getPromoPlans.php,200,OK,Thread Group 1-10,text,TRUE,,1927,635,10,10,580,0,175
1528346296203,401,176 /promotions.php,200,OK,Thread Group 1-10,text,TRUE,,347,578,10,10,401,0,0
1528346296298,610,175 /getPromoPlans.php,200,OK,Thread Group 1-6,text,TRUE,,1927,635,10,10,610,0,206
1528346296909,401,176 /promotions.php,200,OK,Thread Group 1-6,text,TRUE,,347,578,10,10,401,0,0
1528346293662,6033,173 /getPromoPlans.php,200,OK,Thread Group 1-3,text,TRUE,,98961,635,10,10,781,0,0
1528346291212,9131,178 /index.php,200,OK,Thread Group 1-8,text,TRUE,,159065,1111,10,10,767,0,367
1528346299695,670,174 /promotions.php,200,OK,Thread Group 1-3,text,TRUE,,348,576,10,10,670,0,269
1528346302364,556,175 /getPromoPlans.php,200,OK,Thread Group 1-3,text,TRUE,,1927,635,10,10,556,0,152
1528346302920,401,176 /promotions.php,200,OK,Thread Group 1-3,text,TRUE,,347,578,10,10,401,0,0
1528346296137,8996,178 /index.php,200,OK,Thread Group 1-9,text,TRUE,,159065,1111,10,10,624,0,222
1528346298746,9018,178 /index.php,200,OK,Thread Group 1-4,text,TRUE,,159065,1111,10,10,647,0,247
1528346300026,8996,178 /index.php,200,OK,Thread Group 1-5,text,TRUE,,159065,1111,10,10,627,0,227
1528346301508,8956,178 /index.php,200,OK,Thread Group 1-10,text,TRUE,,159065,1111,10,10,592,0,191
1528346302093,9082,178 /index.php,200,OK,Thread Group 1-6,text,TRUE,,159065,1111,10,10,698,0,297
1528346308060,8927,178 /index.php,200,OK,Thread Group 1-3,text,TRUE,,159065,1111,10,10,545,0,145
1528346343724,402,191 /themes/SuiteR/css/colourSelector.php,200,OK,Thread Group 1-1,text,TRUE,,213,609,10,10,402,0,0
1528346347736,402,191 /themes/SuiteR/css/colourSelector.php,200,OK,Thread Group 1-2,text,TRUE,,213,609,10,10,402,0,0
1528346373171,402,191 /themes/SuiteR/css/colourSelector.php,200,OK,Thread Group 1-7,text,TRUE,,213,609,10,10,402,0,0
1528346378354,403,191 /themes/SuiteR/css/colourSelector.php,200,OK,Thread Group 1-8,text,TRUE,,213,609,10,10,403,0,0
1528346379529,560,201 /index.php,200,OK,Thread Group 1-1,bin,TRUE,,416,637,10,10,560,0,157
1528346382748,402,191 /themes/SuiteR/css/colourSelector.php,200,OK,Thread Group 1-9,text,TRUE,,213,609,10,10,402,0,0
1528346382958,404,201 /index.php,200,OK,Thread Group 1-2,bin,TRUE,,415,637,10,10,404,0,0
1528346385288,402,191 /themes/SuiteR/css/colourSelector.php,200,OK,Thread Group 1-4,text,TRUE,,213,609,10,10,402,0,0
1528346386487,402,191 /themes/SuiteR/css/colourSelector.php,200,OK,Thread Group 1-5,text,TRUE,,213,609,10,10,402,0,0
1528346384206,2742,202 /emailMobileExistLead.php,200,OK,Thread Group 1-1,text,TRUE,,255,622,10,10,2742,0,0
1528346386951,1285,204 /emailMobileExistLead.php,200,OK,Thread Group 1-1,text,TRUE,,256,624,10,10,1285,0,176
1528346387973,404,191 /themes/SuiteR/css/colourSelector.php,200,OK,Thread Group 1-10,text,TRUE,,213,609,10,10,404,0,0
1528346387635,1200,202 /emailMobileExistLead.php,200,OK,Thread Group 1-2,text,TRUE,,255,622,10,10,1200,0,0
1528346388657,401,191 /themes/SuiteR/css/colourSelector.php,200,OK,Thread Group 1-6,text,TRUE,,213,609,10,10,401,0,0
1528346388836,1218,204 /emailMobileExistLead.php,200,OK,Thread Group 1-2,text,TRUE,,255,624,10,10,1218,0,0
1528346390237,1269,205 /emailMobileExistLead.php,200,OK,Thread Group 1-1,text,TRUE,,257,625,10,10,1269,0,166
1528346392055,1345,205 /emailMobileExistLead.php,200,OK,Thread Group 1-2,text,TRUE,,257,625,10,10,1345,0,204
1528346393507,1409,206 /emailMobileExistLead.php,200,OK,Thread Group 1-1,text,TRUE,,252,627,10,10,1409,0,176
1528346394523,402,191 /themes/SuiteR/css/colourSelector.php,200,OK,Thread Group 1-3,text,TRUE,,213,609,10,10,402,0,0
1528346394917,402,207 /emailMobileExistLead.php,200,OK,Thread Group 1-1,text,TRUE,,271,624,10,10,402,0,0
1528346395401,1356,206 /emailMobileExistLead.php,200,OK,Thread Group 1-2,text,TRUE,,252,627,10,10,1356,0,155
1528346396758,403,207 /emailMobileExistLead.php,200,OK,Thread Group 1-2,text,TRUE,,271,624,10,10,403,0,0
1528346397320,571,208 /emailMobileExistLead.php,200,OK,Thread Group 1-1,text,TRUE,,260,610,10,10,571,0,170
1528346399161,558,208 /emailMobileExistLead.php,200,OK,Thread Group 1-2,text,TRUE,,260,610,10,10,557,0,155
1528346408573,403,201 /index.php,200,OK,Thread Group 1-7,bin,TRUE,,415,637,10,10,403,0,0
1528346413759,405,201 /index.php,200,OK,Thread Group 1-8,bin,TRUE,,415,637,10,10,405,0,0
1528346413285,1117,202 /emailMobileExistLead.php,200,OK,Thread Group 1-7,text,TRUE,,255,622,10,10,1117,0,0
1528346414403,1099,204 /emailMobileExistLead.php,200,OK,Thread Group 1-7,text,TRUE,,255,624,10,10,1099,0,0
1528346418211,404,201 /index.php,200,OK,Thread Group 1-9,bin,TRUE,,415,637,10,10,404,0,0
1528346417503,1348,205 /emailMobileExistLead.php,200,OK,Thread Group 1-7,text,TRUE,,257,625,10,10,1348,0,217
1528346418232,1166,202 /emailMobileExistLead.php,200,OK,Thread Group 1-8,text,TRUE,,255,622,10,10,1166,0,0
1528346420555,403,201 /index.php,200,OK,Thread Group 1-4,bin,TRUE,,415,637,10,10,403,0,0
1528346419398,2623,204 /emailMobileExistLead.php,200,OK,Thread Group 1-8,text,TRUE,,255,624,10,10,2623,0,0
1528346420851,1532,206 /emailMobileExistLead.php,200,OK,Thread Group 1-7,text,TRUE,,252,627,10,10,1532,0,414
1528346399892,22872,209 /index.php,200,OK,Thread Group 1-1,text,TRUE,,159106,21424,10,10,14200,0,249
1528346422383,403,207 /emailMobileExistLead.php,200,OK,Thread Group 1-7,text,TRUE,,271,624,10,10,403,0,0
1528346423208,404,201 /index.php,200,OK,Thread Group 1-5,bin,TRUE,,415,637,10,10,404,0,0
1528346401718,22077,209 /index.php,200,OK,Thread Group 1-2,text,TRUE,,159106,20302,10,10,13536,0,156
1528346422705,1101,202 /emailMobileExistLead.php,200,OK,Thread Group 1-9,text,TRUE,,255,622,10,10,1101,0,0
1528346423485,405,201 /index.php,200,OK,Thread Group 1-10,bin,TRUE,,415,637,10,10,405,0,0
1528346423958,405,201 /index.php,200,OK,Thread Group 1-6,bin,TRUE,,415,637,10,10,405,0,0
1528346423807,1109,204 /emailMobileExistLead.php,200,OK,Thread Group 1-9,text,TRUE,,255,624,10,10,1109,0,0
1528346424787,589,208 /emailMobileExistLead.php,200,OK,Thread Group 1-7,text,TRUE,,260,610,10,10,589,0,187
1528346424022,1443,205 /emailMobileExistLead.php,200,OK,Thread Group 1-8,text,TRUE,,257,625,10,10,1443,0,237
1528346425024,1085,202 /emailMobileExistLead.php,200,OK,Thread Group 1-4,text,TRUE,,255,622,10,10,1085,0,0
1528346426110,1087,204 /emailMobileExistLead.php,200,OK,Thread Group 1-4,text,TRUE,,255,624,10,10,1087,0,0
1528346426917,1319,205 /emailMobileExistLead.php,200,OK,Thread Group 1-9,text,TRUE,,257,625,10,10,1319,0,145
1528346427465,1300,206 /emailMobileExistLead.php,200,OK,Thread Group 1-8,text,TRUE,,252,627,10,10,1300,0,195
1528346427825,1192,202 /emailMobileExistLead.php,200,OK,Thread Group 1-5,text,TRUE,,255,622,10,10,1192,0,0
1528346428766,404,207 /emailMobileExistLead.php,200,OK,Thread Group 1-8,text,TRUE,,271,624,10,10,404,0,0
1528346428166,1259,202 /emailMobileExistLead.php,200,OK,Thread Group 1-10,text,TRUE,,255,622,10,10,1259,0,0
1528346428451,1117,202 /emailMobileExistLead.php,200,OK,Thread Group 1-6,text,TRUE,,255,622,10,10,1117,0,0
1528346429018,1106,204 /emailMobileExistLead.php,200,OK,Thread Group 1-5,text,TRUE,,255,624,10,10,1106,0,0
1528346429793,404,201 /index.php,200,OK,Thread Group 1-3,bin,TRUE,,415,637,10,10,404,0,0
1528346429197,1256,205 /emailMobileExistLead.php,200,OK,Thread Group 1-4,text,TRUE,,257,625,10,10,1256,0,145
1528346429426,1115,204 /emailMobileExistLead.php,200,OK,Thread Group 1-10,text,TRUE,,255,624,10,10,1115,0,0
1528346429569,1108,204 /emailMobileExistLead.php,200,OK,Thread Group 1-6,text,TRUE,,255,624,10,10,1108,0,0
1528346422765,8534,210 /index.php,200,OK,Thread Group 1-1,text,TRUE,,157957,751,10,10,957,0,171
1528346430236,1360,206 /emailMobileExistLead.php,200,OK,Thread Group 1-9,text,TRUE,,252,627,10,10,1360,0,152
1528346431171,544,208 /emailMobileExistLead.php,200,OK,Thread Group 1-8,text,TRUE,,260,610,10,10,544,0,143
1528346431300,550,211 /themes/SuiteR/css/colourSelector.php,200,OK,Thread Group 1-1,text,TRUE,,214,689,10,10,550,0,143
1528346431598,403,207 /emailMobileExistLead.php,200,OK,Thread Group 1-9,text,TRUE,,271,624,10,10,403,0,0
1528346423796,8506,210 /index.php,200,OK,Thread Group 1-2,text,TRUE,,157957,751,10,10,931,0,144
1528346432304,554,211 /themes/SuiteR/css/colourSelector.php,200,OK,Thread Group 1-2,text,TRUE,,214,689,10,10,554,0,148
1528346432131,1274,205 /emailMobileExistLead.php,200,OK,Thread Group 1-5,text,TRUE,,257,625,10,10,1274,0,149
1528346432455,1263,206 /emailMobileExistLead.php,200,OK,Thread Group 1-4,text,TRUE,,252,627,10,10,1263,0,144
1528346432543,1230,205 /emailMobileExistLead.php,200,OK,Thread Group 1-10,text,TRUE,,257,625,10,10,1230,0,149
1528346432679,1248,205 /emailMobileExistLead.php,200,OK,Thread Group 1-6,text,TRUE,,257,625,10,10,1248,0,142
1528346433719,405,207 /emailMobileExistLead.php,200,OK,Thread Group 1-4,text,TRUE,,271,624,10,10,405,0,0
1528346434001,548,208 /emailMobileExistLead.php,200,OK,Thread Group 1-9,text,TRUE,,260,610,10,10,548,0,146
1528346434267,1143,202 /emailMobileExistLead.php,200,OK,Thread Group 1-3,text,TRUE,,255,622,10,10,1143,0,0
1528346435411,1095,204 /emailMobileExistLead.php,200,OK,Thread Group 1-3,text,TRUE,,255,624,10,10,1095,0,0
1528346435406,1265,206 /emailMobileExistLead.php,200,OK,Thread Group 1-5,text,TRUE,,252,627,10,10,1265,0,162
1528346436124,590,208 /emailMobileExistLead.php,200,OK,Thread Group 1-4,text,TRUE,,260,610,10,10,590,0,188
1528346435773,1235,206 /emailMobileExistLead.php,200,OK,Thread Group 1-10,text,TRUE,,252,627,10,10,1235,0,147
1528346436672,404,207 /emailMobileExistLead.php,200,OK,Thread Group 1-5,text,TRUE,,271,624,10,10,404,0,0
1528346435929,1316,206 /emailMobileExistLead.php,200,OK,Thread Group 1-6,text,TRUE,,252,627,10,10,1316,0,175
1528346437009,404,207 /emailMobileExistLead.php,200,OK,Thread Group 1-10,text,TRUE,,271,624,10,10,404,0,0
1528346437247,402,207 /emailMobileExistLead.php,200,OK,Thread Group 1-6,text,TRUE,,271,624,10,10,402,0,0
1528346439077,577,208 /emailMobileExistLead.php,200,OK,Thread Group 1-5,text,TRUE,,260,610,10,10,577,0,175
1528346438509,1396,205 /emailMobileExistLead.php,200,OK,Thread Group 1-3,text,TRUE,,257,625,10,10,1395,0,176
1528346439414,556,208 /emailMobileExistLead.php,200,OK,Thread Group 1-10,text,TRUE,,260,610,10,10,556,0,153
1528346439650,558,208 /emailMobileExistLead.php,200,OK,Thread Group 1-6,text,TRUE,,260,610,10,10,558,0,155
1528346441904,1294,206 /emailMobileExistLead.php,200,OK,Thread Group 1-3,text,TRUE,,252,627,9,9,1294,0,169
1528346443199,404,207 /emailMobileExistLead.php,200,OK,Thread Group 1-3,text,TRUE,,271,624,8,8,404,0,0
1528346445603,575,208 /emailMobileExistLead.php,200,OK,Thread Group 1-3,text,TRUE,,260,610,8,8,575,0,173
1528346427377,21650,209 /index.php,200,OK,Thread Group 1-7,text,TRUE,,159106,20115,8,8,13130,0,217
1528346433717,21902,209 /index.php,200,OK,Thread Group 1-8,text,TRUE,,159106,20489,8,8,13375,0,188
1528346449029,8542,210 /index.php,200,OK,Thread Group 1-7,text,TRUE,,157957,751,8,8,973,0,187
1528346457572,552,211 /themes/SuiteR/css/colourSelector.php,200,OK,Thread Group 1-7,text,TRUE,,214,689,8,8,552,0,147
1528346436550,21889,209 /index.php,200,OK,Thread Group 1-9,text,TRUE,,159106,20302,8,8,13140,0,188
1528346438716,20769,209 /index.php,200,OK,Thread Group 1-4,text,TRUE,,159106,19554,8,8,12240,0,145
1528346441654,20850,209 /index.php,200,OK,Thread Group 1-5,text,TRUE,,159106,19741,8,8,12327,0,179
1528346442208,20974,209 /index.php,200,OK,Thread Group 1-6,text,TRUE,,159106,20676,8,8,12359,0,157
1528346441970,21486,209 /index.php,200,OK,Thread Group 1-10,text,TRUE,,159106,19928,8,8,12972,0,171
1528346455620,8543,210 /index.php,200,OK,Thread Group 1-8,text,TRUE,,157957,751,8,8,966,0,180
1528346464165,552,211 /themes/SuiteR/css/colourSelector.php,200,OK,Thread Group 1-8,text,TRUE,,214,689,8,8,552,0,146
1528346458441,8506,210 /index.php,200,OK,Thread Group 1-9,text,TRUE,,157957,751,8,8,928,0,144
1528346466947,541,211 /themes/SuiteR/css/colourSelector.php,200,OK,Thread Group 1-9,text,TRUE,,214,689,8,8,541,0,135
1528346459487,8511,210 /index.php,200,OK,Thread Group 1-4,text,TRUE,,157957,751,8,8,941,0,155
1528346467999,558,211 /themes/SuiteR/css/colourSelector.php,200,OK,Thread Group 1-4,text,TRUE,,214,689,8,8,558,0,151
1528346448179,21918,209 /index.php,200,OK,Thread Group 1-3,text,TRUE,,159106,19928,7,7,13372,0,186
1528346462506,8526,210 /index.php,200,OK,Thread Group 1-5,text,TRUE,,157957,751,7,7,958,0,174
1528346471034,557,211 /themes/SuiteR/css/colourSelector.php,200,OK,Thread Group 1-5,text,TRUE,,214,689,7,7,557,0,150
1528346463183,8509,210 /index.php,200,OK,Thread Group 1-6,text,TRUE,,157957,751,7,7,938,0,151
1528346463456,8515,210 /index.php,200,OK,Thread Group 1-10,text,TRUE,,157957,751,7,7,944,0,159
1528346471694,604,211 /themes/SuiteR/css/colourSelector.php,200,OK,Thread Group 1-6,text,TRUE,,214,689,7,7,604,0,198
1528346471973,574,211 /themes/SuiteR/css/colourSelector.php,200,OK,Thread Group 1-10,text,TRUE,,214,689,7,7,574,0,168
1528346470099,8518,210 /index.php,200,OK,Thread Group 1-3,text,TRUE,,157957,751,5,5,944,0,159
1528346478618,557,211 /themes/SuiteR/css/colourSelector.php,200,OK,Thread Group 1-3,text,TRUE,,214,689,4,4,557,0,151
